{"cameraMode":{"drawMode":0,"name":"Shaded","section":"Shading Mode"},"sceneLighting":false,"audioPlay":false,"sceneViewState":{"m_AlwaysRefresh":false,"showFog":true,"showSkybox":false,"showFlares":true,"showImageEffects":true,"showParticleSystems":true,"showVisualEffectGraphs":true,"m_FxEnabled":true},"in2DMode":false,"pivot":{"x":0.648621678352356,"y":0.12929531931877137,"z":-0.2622278928756714},"rotation":{"x":-0.0018486704211682082,"y":0.8397448658943176,"z":0.004403828177601099,"w":0.5435327887535095},"size":2.2186412811279299,"orthographic":false}