{"cameraMode":{"drawMode":0,"name":"Shaded","section":"Shading Mode"},"sceneLighting":false,"audioPlay":false,"sceneViewState":{"m_AlwaysRefresh":false,"showFog":true,"showSkybox":false,"showFlares":true,"showImageEffects":true,"showParticleSystems":true,"showVisualEffectGraphs":true,"m_FxEnabled":true},"in2DMode":false,"pivot":{"x":124.42405700683594,"y":9.829111099243164,"z":39.567176818847659},"rotation":{"x":-0.06197398900985718,"y":0.9314674735069275,"z":-0.18648424744606019,"w":-0.3076570928096771},"size":1.8213202953338624,"orthographic":false}