{"cameraMode":{"drawMode":0,"name":"Shaded","section":"Shading Mode"},"sceneLighting":false,"audioPlay":false,"sceneViewState":{"m_AlwaysRefresh":false,"showFog":true,"showSkybox":false,"showFlares":true,"showImageEffects":true,"showParticleSystems":true,"showVisualEffectGraphs":true,"m_FxEnabled":true},"in2DMode":false,"pivot":{"x":0.0000024437904357910158,"y":1.9997329711914063,"z":2.384185791015625e-7},"rotation":{"x":-0.050386544317007068,"y":-0.559610903263092,"z":0.034138113260269168,"w":-0.8265728950500488},"size":4.930881023406982,"orthographic":false}