{"cameraMode":{"drawMode":0,"name":"Shaded","section":"Shading Mode"},"sceneLighting":true,"audioPlay":false,"sceneViewState":{"m_AlwaysRefresh":false,"showFog":true,"showSkybox":true,"showFlares":true,"showImageEffects":true,"showParticleSystems":true,"showVisualEffectGraphs":true,"m_FxEnabled":true},"in2DMode":false,"pivot":{"x":28.600000381469728,"y":17.681217193603517,"z":51.799835205078128},"rotation":{"x":0.33973392844200137,"y":-0.5122929215431213,"z":0.23273417353630067,"w":0.754065215587616},"size":3.4317831993103029,"orthographic":false}