{"cameraMode":{"drawMode":0,"name":"Shaded","section":"Shading Mode"},"sceneLighting":true,"audioPlay":false,"sceneViewState":{"m_AlwaysRefresh":false,"showFog":true,"showSkybox":true,"showFlares":true,"showImageEffects":true,"showParticleSystems":true,"showVisualEffectGraphs":true,"m_FxEnabled":true},"in2DMode":false,"pivot":{"x":140.67117309570313,"y":21.10435676574707,"z":168.80075073242188},"rotation":{"x":0.037685442715883258,"y":0.9520472288131714,"z":-0.2760807275772095,"w":0.12828399240970612},"size":7.787917137145996,"orthographic":false}