{"cameraMode":{"drawMode":0,"name":"Shaded","section":"Shading Mode"},"sceneLighting":true,"audioPlay":false,"sceneViewState":{"m_AlwaysRefresh":false,"showFog":true,"showSkybox":true,"showFlares":true,"showImageEffects":true,"showParticleSystems":true,"showVisualEffectGraphs":true,"m_FxEnabled":true},"in2DMode":false,"pivot":{"x":138.28932189941407,"y":5.44134521484375,"z":89.78570556640625},"rotation":{"x":0.058005768805742267,"y":-0.9029893279075623,"z":0.4058414101600647,"w":0.12892954051494599},"size":21.405607223510743,"orthographic":false}