{"cameraMode":{"drawMode":0,"name":"Shaded","section":"Shading Mode"},"sceneLighting":true,"audioPlay":false,"sceneViewState":{"m_AlwaysRefresh":false,"showFog":true,"showSkybox":true,"showFlares":true,"showImageEffects":true,"showParticleSystems":true,"showVisualEffectGraphs":true,"m_FxEnabled":true},"in2DMode":false,"pivot":{"x":76.74630737304688,"y":11.94210433959961,"z":62.16679000854492},"rotation":{"x":0.018721476197242738,"y":-0.5645949840545654,"z":0.012117397971451283,"w":0.8250809907913208},"size":37.209686279296878,"orthographic":false}