{"cameraMode":{"drawMode":0,"name":"Shaded","section":"Shading Mode"},"sceneLighting":true,"audioPlay":false,"sceneViewState":{"m_AlwaysRefresh":false,"showFog":true,"showSkybox":true,"showFlares":true,"showImageEffects":true,"showParticleSystems":true,"showVisualEffectGraphs":true,"m_FxEnabled":true},"in2DMode":false,"pivot":{"x":153.54568481445313,"y":9.754104614257813,"z":12.824840545654297},"rotation":{"x":-0.0006742947734892368,"y":-1.0000123977661133,"z":0.028216933831572534,"w":-0.0004781783209182322},"size":5.38628625869751,"orthographic":false}