{"cameraMode":{"drawMode":0,"name":"Shaded","section":"Shading Mode"},"sceneLighting":true,"audioPlay":false,"sceneViewState":{"m_AlwaysRefresh":false,"showFog":true,"showSkybox":true,"showFlares":true,"showImageEffects":true,"showParticleSystems":true,"showVisualEffectGraphs":true,"m_FxEnabled":true},"in2DMode":false,"pivot":{"x":144.70831298828126,"y":-38.262027740478519,"z":15.49730396270752},"rotation":{"x":0.49050089716911318,"y":-0.509975016117096,"z":0.49338361620903017,"w":0.5063080191612244},"size":60.217281341552737,"orthographic":false}