{"cameraMode":{"drawMode":0,"name":"Shaded","section":"Shading Mode"},"sceneLighting":true,"audioPlay":false,"sceneViewState":{"m_AlwaysRefresh":false,"showFog":true,"showSkybox":true,"showFlares":true,"showImageEffects":true,"showParticleSystems":true,"showVisualEffectGraphs":true,"m_FxEnabled":true},"in2DMode":false,"pivot":{"x":158.20370483398438,"y":8.523679733276368,"z":-3.8334178924560549},"rotation":{"x":0.007278174161911011,"y":0.9906452298164368,"z":-0.12522707879543305,"w":0.06184173747897148},"size":7.74962854385376,"orthographic":false}